{
  "model_type": "linear_regression_lstsq",
  "feature_names": [
    "year",
    "month",
    "model_demand_mw",
    "supply_mw",
    "demand_lag_1",
    "demand_lag_3",
    "supply_lag_1",
    "demand_roll3_mean",
    "supply_roll3_mean",
    "month_sin",
    "month_cos",
    "state_Andaman And Nicobar",
    "state_Andhra Pradesh",
    "state_Arunachal Pradesh",
    "state_Assam",
    "state_Bihar",
    "state_Chandigarh",
    "state_Chhattisgarh",
    "state_Dadra And Nagar Haveli And Daman And Diu",
    "state_Delhi",
    "state_Goa",
    "state_Gujarat",
    "state_Haryana",
    "state_Himachal Pradesh",
    "state_India Total",
    "state_Jammu And Kashmir",
    "state_Jharkhand",
    "state_Karnataka",
    "state_Kerala",
    "state_Ladakh",
    "state_Lakshadweep",
    "state_Madhya Pradesh",
    "state_Maharashtra",
    "state_Manipur",
    "state_Meghalaya",
    "state_Mizoram",
    "state_Nagaland",
    "state_Odisha",
    "state_Puducherry",
    "state_Punjab",
    "state_Rajasthan",
    "state_Sikkim",
    "state_Tamil Nadu",
    "state_Telangana",
    "state_Tripura",
    "state_Uttar Pradesh",
    "state_Uttarakhand",
    "state_West Bengal"
  ],
  "weights": [
    -48.14926766486775,
    31831.23588719183,
    0.5924430680804613,
    1.246729660982638,
    -0.6316989805985347,
    0.06222686394063238,
    0.37311311563730487,
    0.7349016323051453,
    0.3876605357047068,
    15915.617946908149,
    27566.65891792511,
    1815.840679505158,
    1070.0871090340881,
    1460.597116649796,
    1726.4033038278892,
    2139.566883618938,
    1791.0102927713815,
    2821.0629849457705,
    1795.593671762824,
    1574.2648789594941,
    1807.9967746725147,
    -2116.013230433122,
    2280.5619239982448,
    -4338.63858600868,
    -9950.982283416373,
    -1107.6143858620735,
    1599.6612757265784,
    -1469.0509486481599,
    1420.4543943940405,
    1773.2070281650504,
    1811.1175592525715,
    2590.4183177363475,
    1324.5019963759032,
    1759.8260535897496,
    1560.6818729563965,
    1772.4003456679536,
    1762.8031478641083,
    1925.8805293820642,
    1778.5950913173183,
    1881.3845683339457,
    922.9058156239247,
    -419.3276293909565,
    -831.9997119620817,
    1470.6049167177,
    1439.9275754344765,
    2811.3264372498234,
    262.1829040651402,
    1913.9972199374286
  ],
  "intercept": 31831.23589385199
}